,Alabama,Alaska,American Samoa,Arizona,Arkansas,California,Colorado,Date,Florida,Georgia,Guam,Idaho,Illinois,Indiana,Iowa,Kansas,Kentucky,Louisiana,Maine,Maryland,Massachusetts,Michigan,Minnesota,Mississippi,Missouri,Montana,Nebraska,Nevada,New Hampshire,New Jersey,New Mexico,New York,North Carolina,North Dakota,Northern Mariana Islands,Ohio,Oklahoma,Oregon,Pennsylvania,Puerto Rico,South Carolina,South Dakota,Tennessee,Texas,Utah,Vermont,Virginia,Washington,West Virginia,Wisconsin,Wyoming
1/22/20,0,0,0.0,0,0,0,0,2020-01-22,0,0,0.0,0,0,0,0,0,0,0,0,0,0,0,0,0,0,0,0,0,0,0,0,0,0,0,0.0,0,0,0,0,0,0,0,0,0,0,0,0,1,0,0,0
1/23/20,0,0,0.0,0,0,0,0,2020-01-23,0,0,0.0,0,0,0,0,0,0,0,0,0,0,0,0,0,0,0,0,0,0,0,0,0,0,0,0.0,0,0,0,0,0,0,0,0,0,0,0,0,1,0,0,0
1/24/20,0,0,0.0,0,0,0,0,2020-01-24,0,0,0.0,0,1,0,0,0,0,0,0,0,0,0,0,0,0,0,0,0,0,0,0,0,0,0,0.0,0,0,0,0,0,0,0,0,0,0,0,0,1,0,0,0
1/25/20,0,0,0.0,0,0,0,0,2020-01-25,0,0,0.0,0,1,0,0,0,0,0,0,0,0,0,0,0,0,0,0,0,0,0,0,0,0,0,0.0,0,0,0,0,0,0,0,0,0,0,0,0,1,0,0,0
1/26/20,0,0,0.0,0,0,2,0,2020-01-26,0,0,0.0,0,1,0,0,0,0,0,0,0,0,0,0,0,0,0,0,0,0,0,0,0,0,0,0.0,0,0,0,0,0,0,0,0,0,0,0,0,1,0,0,0
1/27/20,0,0,0.0,0,0,2,0,2020-01-27,0,0,0.0,0,1,0,0,0,0,0,0,0,0,0,0,0,0,0,0,0,0,0,0,0,0,0,0.0,0,0,0,0,0,0,0,0,0,0,0,0,1,0,0,0
1/28/20,0,0,0.0,0,0,2,0,2020-01-28,0,0,0.0,0,1,0,0,0,0,0,0,0,0,0,0,0,0,0,0,0,0,0,0,0,0,0,0.0,0,0,0,0,0,0,0,0,0,0,0,0,1,0,0,0
1/29/20,0,0,0.0,0,0,2,0,2020-01-29,0,0,0.0,0,1,0,0,0,0,0,0,0,1,0,0,0,0,0,0,0,0,0,0,0,0,0,0.0,0,0,0,0,0,0,0,0,0,0,0,0,1,0,0,0
1/30/20,0,0,0.0,0,0,2,0,2020-01-30,0,0,0.0,0,1,0,0,0,0,0,0,0,1,0,0,0,0,0,0,0,0,0,0,0,0,0,0.0,0,0,0,0,0,0,0,0,0,0,0,0,1,0,0,0
1/31/20,0,0,0.0,0,0,3,0,2020-01-31,0,0,0.0,0,2,0,0,0,0,0,0,0,1,0,0,0,0,0,0,0,0,0,0,0,0,0,0.0,0,0,0,0,0,0,0,0,0,0,0,0,1,0,0,0
2/1/20,0,0,0.0,0,0,3,0,2020-02-01,0,0,0.0,0,2,0,0,0,0,0,0,0,1,0,0,0,0,0,0,0,0,0,0,0,0,0,0.0,0,0,0,0,0,0,0,0,0,0,0,0,1,0,0,0
2/2/20,0,0,0.0,0,0,3,0,2020-02-02,0,0,0.0,0,2,0,0,0,0,0,0,0,1,0,0,0,0,0,0,0,0,0,0,0,0,0,0.0,0,0,0,0,0,0,0,0,0,0,0,0,1,0,0,0
2/3/20,0,0,0.0,0,0,6,0,2020-02-03,0,0,0.0,0,2,0,0,0,0,0,0,0,1,0,0,0,0,0,0,0,0,0,0,0,0,0,0.0,0,0,0,0,0,0,0,0,0,0,0,0,1,0,0,0
2/4/20,0,0,0.0,0,0,6,0,2020-02-04,0,0,0.0,0,2,0,0,0,0,0,0,0,1,0,0,0,0,0,0,0,0,0,0,0,0,0,0.0,0,0,0,0,0,0,0,0,0,0,0,0,1,0,0,0
2/5/20,0,0,0.0,0,0,6,0,2020-02-05,0,0,0.0,0,2,0,0,0,0,0,0,0,1,0,0,0,0,0,0,0,0,0,0,0,0,0,0.0,0,0,0,0,0,0,0,0,0,0,0,0,1,0,0,0
2/6/20,0,0,0.0,0,0,6,0,2020-02-06,0,0,0.0,0,2,0,0,0,0,0,0,0,2,0,0,0,0,0,0,0,0,0,0,0,0,0,0.0,0,0,0,0,0,0,0,0,0,0,0,0,1,0,0,0
2/7/20,0,0,0.0,0,0,6,0,2020-02-07,0,0,0.0,0,2,0,0,0,0,0,0,0,2,0,0,0,0,0,0,0,0,0,0,0,0,0,0.0,0,0,0,0,0,0,0,0,0,0,0,0,1,0,0,0
2/8/20,0,0,0.0,0,0,6,0,2020-02-08,0,0,0.0,0,2,0,0,0,0,0,0,0,2,0,0,0,0,0,0,0,0,0,0,0,0,0,0.0,0,0,0,0,0,0,0,0,0,0,0,0,1,0,0,0
2/9/20,0,0,0.0,0,0,6,0,2020-02-09,0,0,0.0,0,2,0,0,0,0,0,0,0,2,0,0,0,0,0,0,0,0,0,0,0,0,0,0.0,0,0,0,0,0,0,0,0,0,0,0,0,1,0,0,0
2/10/20,0,0,0.0,0,0,6,0,2020-02-10,0,0,0.0,0,2,0,0,0,0,0,0,0,2,0,0,0,0,0,0,0,0,0,0,0,0,0,0.0,0,0,0,0,0,0,0,0,0,0,0,0,1,0,0,0
2/11/20,0,0,0.0,0,0,7,0,2020-02-11,0,0,0.0,0,2,0,0,0,0,0,0,0,2,0,0,0,0,0,0,0,0,0,0,0,0,0,0.0,0,0,0,0,0,0,0,0,0,0,0,0,1,0,0,0
2/12/20,0,0,0.0,0,0,7,0,2020-02-12,0,0,0.0,0,2,0,0,0,0,0,0,0,2,0,0,0,0,0,0,0,0,0,0,0,0,0,0.0,0,0,0,0,0,0,0,0,0,0,0,0,1,0,0,0
2/13/20,0,0,0.0,0,0,8,0,2020-02-13,0,0,0.0,0,2,0,0,0,0,0,0,0,2,0,0,0,0,0,0,0,0,0,0,0,0,0,0.0,0,0,0,0,0,0,0,0,0,0,0,0,1,0,0,0
2/14/20,0,0,0.0,0,0,8,0,2020-02-14,0,0,0.0,0,2,0,0,0,0,0,0,0,2,0,0,0,0,0,0,0,0,0,0,0,0,0,0.0,0,0,0,0,0,0,0,0,0,0,0,0,1,0,0,0
2/15/20,0,0,0.0,0,0,8,0,2020-02-15,0,0,0.0,0,2,0,0,0,0,0,0,0,2,0,0,0,0,0,0,0,0,0,0,0,0,0,0.0,0,0,0,0,0,0,0,0,0,0,0,0,1,0,0,0
2/16/20,0,0,0.0,0,0,8,0,2020-02-16,0,0,0.0,0,2,0,0,0,0,0,0,0,2,0,0,0,0,0,0,0,0,0,0,0,0,0,0.0,0,0,0,0,0,0,0,0,0,0,0,0,1,0,0,0
2/17/20,0,0,0.0,0,0,8,0,2020-02-17,0,0,0.0,0,2,0,0,0,0,0,0,0,2,0,0,0,0,0,0,0,0,0,0,0,0,0,0.0,0,0,0,0,0,0,0,0,0,0,0,0,1,0,0,0
2/18/20,0,0,0.0,0,0,8,0,2020-02-18,0,0,0.0,0,2,0,0,0,0,0,0,0,2,0,0,0,0,0,0,0,0,0,0,0,0,0,0.0,0,0,0,0,0,0,0,0,0,0,0,0,1,0,0,0
2/19/20,0,0,0.0,0,0,8,0,2020-02-19,0,0,0.0,0,2,0,0,0,0,0,0,0,2,0,0,0,0,0,0,0,0,0,0,0,0,0,0.0,0,0,0,0,0,0,0,0,0,0,0,0,1,0,0,0
2/20/20,0,0,0.0,0,0,8,0,2020-02-20,0,0,0.0,0,2,0,0,0,0,0,0,0,2,0,0,0,0,0,0,0,0,0,0,0,0,0,0.0,0,0,0,0,0,0,0,0,0,0,0,0,1,0,0,0
2/21/20,0,0,0.0,0,0,10,0,2020-02-21,0,0,0.0,0,2,0,0,0,0,0,0,0,2,0,0,0,0,0,0,0,0,0,0,0,0,0,0.0,0,0,0,0,0,0,0,0,0,0,0,0,1,0,0,0
2/22/20,0,0,0.0,0,0,10,0,2020-02-22,0,0,0.0,0,2,0,0,0,0,0,0,0,2,0,0,0,0,0,0,0,0,0,0,0,0,0,0.0,0,0,0,0,0,0,0,0,0,0,0,0,1,0,0,0
2/23/20,0,0,0.0,0,0,10,0,2020-02-23,0,0,0.0,0,2,0,0,0,0,0,0,0,2,0,0,0,0,0,0,0,0,0,0,0,0,0,0.0,0,0,0,0,0,0,0,0,0,0,0,0,1,0,0,0
2/24/20,0,0,0.0,0,0,10,0,2020-02-24,0,0,0.0,0,2,0,0,0,0,0,0,0,2,0,0,0,0,0,0,0,0,0,0,0,0,0,0.0,0,0,0,0,0,0,0,0,0,0,0,0,1,0,0,0
2/25/20,0,0,0.0,0,0,10,0,2020-02-25,0,0,0.0,0,2,0,0,0,0,0,0,0,2,0,0,0,0,0,0,0,0,0,0,0,0,0,0.0,0,0,0,0,0,0,0,0,0,0,0,0,1,0,0,0
2/26/20,0,0,0.0,0,0,10,0,2020-02-26,0,0,0.0,0,2,0,0,0,0,0,0,0,2,0,0,0,0,0,0,0,0,0,0,0,0,0,0.0,0,0,0,0,0,0,0,0,0,0,0,0,1,0,0,0
2/27/20,0,0,0.0,0,0,11,0,2020-02-27,0,0,0.0,0,2,0,0,0,0,0,0,0,2,0,0,0,0,0,0,0,0,0,0,0,0,0,0.0,0,0,0,0,0,0,0,0,0,0,0,0,1,0,0,0
2/28/20,0,0,0.0,0,0,11,0,2020-02-28,0,0,0.0,0,2,0,0,0,0,0,0,0,2,0,0,0,0,0,0,0,0,0,0,0,0,0,0.0,0,0,0,0,0,0,0,0,0,0,0,0,1,0,0,0
2/29/20,0,0,0.0,0,0,12,0,2020-02-29,0,0,0.0,0,2,0,0,0,0,0,0,0,2,0,0,0,0,0,0,0,0,0,0,0,0,0,0.0,0,0,1,0,0,0,0,0,0,0,0,0,7,0,0,0
3/1/20,0,0,0.0,0,0,12,0,2020-03-01,0,0,0.0,0,3,0,0,0,0,0,0,0,3,0,0,0,0,0,0,0,0,0,0,0,0,0,0.0,0,0,1,0,0,0,0,0,0,0,0,0,11,0,0,0
3/2/20,0,0,0.0,0,0,21,0,2020-03-02,1,0,0.0,0,4,0,0,0,0,0,0,0,2,0,0,0,0,0,0,0,0,0,0,0,1,0,0.0,0,0,3,0,0,0,0,0,0,0,0,0,18,0,0,0
3/3/20,0,0,0.0,0,0,24,0,2020-03-03,2,2,0.0,0,4,0,0,0,0,0,0,0,3,0,0,0,0,0,0,0,0,0,0,1,1,0,0.0,0,0,3,0,0,0,0,0,0,0,0,0,27,0,0,0
3/4/20,0,0,0.0,0,0,33,0,2020-03-04,2,2,0.0,0,4,0,0,0,0,0,0,0,5,0,0,0,0,0,0,0,0,0,0,10,1,0,0.0,0,0,3,0,0,0,0,0,0,0,0,0,39,0,0,0
3/5/20,0,0,0.0,0,0,49,2,2020-03-05,3,2,0.0,0,5,0,0,0,0,0,0,0,8,0,0,0,0,0,0,0,0,0,0,21,1,0,0.0,0,0,3,0,0,0,0,1,3,0,0,0,70,0,0,0
3/6/20,0,0,0.0,0,0,55,8,2020-03-06,3,3,0.0,0,5,1,0,0,1,0,0,3,17,0,1,0,0,0,1,1,0,0,0,24,2,0,0.0,0,0,3,2,0,0,0,1,4,0,0,0,78,0,0,0
3/7/20,0,0,0.0,2,0,76,8,2020-03-07,5,5,0.0,0,6,1,0,0,1,0,0,3,35,0,1,0,0,0,1,1,0,0,0,76,2,0,0.0,0,1,6,2,0,1,0,1,8,0,0,0,101,0,0,0
3/8/20,0,0,0.0,2,0,83,8,2020-03-08,8,5,0.0,0,7,2,0,1,1,0,0,5,44,0,1,0,1,0,1,2,0,0,0,105,2,0,0.0,0,1,13,6,0,1,0,3,11,0,0,2,121,0,0,0
3/9/20,0,0,0.0,2,0,89,11,2020-03-09,9,10,0.0,0,7,3,3,1,4,0,0,5,45,0,1,0,1,0,3,2,0,0,0,137,7,0,0.0,0,1,13,7,0,2,0,3,13,0,0,2,121,0,0,0
3/10/20,0,0,0.0,4,0,131,15,2020-03-10,10,17,0.0,0,12,4,8,1,5,0,0,8,48,0,1,0,1,0,3,2,0,4,0,147,7,0,0.0,3,2,13,12,0,6,0,3,16,1,0,7,166,0,3,0
3/11/20,0,0,0.0,6,0,159,31,2020-03-11,15,23,0.0,0,25,9,13,1,8,5,0,9,60,2,3,0,1,0,5,2,0,8,2,211,9,0,0.0,4,2,17,14,0,9,5,9,21,2,0,8,281,0,4,0
3/12/20,0,0,0.0,6,0,195,44,2020-03-12,18,28,0.0,0,32,11,14,4,10,18,0,11,74,2,7,1,1,0,10,2,0,11,3,287,17,1,0.0,5,3,21,20,0,6,4,18,27,2,0,10,441,0,8,1
3/13/20,5,1,0.0,6,9,246,67,2020-03-13,32,38,0.0,1,46,11,17,6,14,28,2,13,109,22,12,6,4,1,14,2,0,22,5,366,21,1,0.0,10,3,27,38,0,7,5,26,44,8,0,22,564,0,19,1
3/14/20,7,0,0.0,7,12,329,85,2020-03-14,50,66,0.0,0,64,14,17,7,16,75,2,22,146,33,19,6,4,5,18,4,0,26,7,529,31,1,0.0,20,4,31,42,0,15,5,31,60,9,3,30,638,0,27,1
3/15/20,10,0,0.0,7,3,330,107,2020-03-15,53,90,0.0,1,66,18,18,7,18,85,0,16,178,42,19,6,5,6,17,4,0,28,7,597,32,1,0.0,24,4,31,42,0,15,5,31,63,16,3,30,599,0,28,1
3/16/20,28,0,0.0,9,3,501,130,2020-03-16,54,112,0.0,1,82,22,21,10,20,110,0,32,251,72,48,12,8,6,18,9,0,61,7,886,38,1,0.0,42,9,33,68,5,24,7,51,85,24,4,38,773,0,48,1
3/17/20,38,0,0.0,9,3,630,145,2020-03-17,124,136,0.0,2,160,27,21,17,25,190,1,45,384,86,54,21,13,7,23,12,0,87,9,1292,61,2,0.0,59,16,51,93,5,37,8,73,110,35,4,52,947,0,73,2
3/18/20,49,0,0.0,13,4,758,174,2020-03-18,204,177,0.0,2,271,34,34,21,27,250,2,63,504,152,69,32,20,9,24,12,0,160,12,2257,103,3,0.0,78,16,59,130,5,47,8,98,196,41,4,63,1013,1,110,5
3/19/20,75,1,0.0,17,62,925,233,2020-03-19,296,259,0.0,4,421,54,40,32,49,381,15,76,634,304,77,48,39,10,28,25,5,367,15,3810,149,7,0.0,108,42,72,173,5,64,8,152,306,54,13,81,1365,2,151,6
3/20/20,101,2,0.0,21,100,1141,296,2020-03-20,383,429,0.0,8,583,77,40,45,61,513,7,108,805,459,102,77,71,19,36,32,5,431,19,7026,203,12,0.0,157,47,92,247,14,102,8,216,429,80,15,101,1508,8,209,7
3/21/20,127,3,0.0,29,122,1284,385,2020-03-21,523,495,0.0,8,748,116,60,54,84,723,12,134,965,606,122,136,78,26,36,32,0,667,23,9454,279,12,0.0,227,51,114,325,21,138,8,296,582,101,14,128,1767,12,271,8
3/22/20,152,6,0.0,38,161,1509,488,2020-03-22,691,561,0.0,8,1045,187,81,61,100,797,19,161,1079,1106,149,201,105,30,48,61,0,1039,23,13822,314,12,0.0,333,65,134,413,23,154,8,381,641,140,18,184,1966,16,370,8
3/23/20,189,9,0.0,47,179,1911,593,2020-03-23,857,706,0.0,16,1280,253,95,78,119,1089,20,187,1346,1421,211,239,205,30,48,114,23,1613,31,18903,408,13,0.0,418,79,162,578,31,224,13,602,756,224,24,209,2178,16,414,8
3/24/20,230,9,0.0,70,207,2300,756,2020-03-24,986,942,0.0,22,1531,346,112,94,157,1283,20,221,1648,1902,238,304,269,47,63,60,0,2192,38,23211,515,15,0.0,539,102,177,785,39,260,13,756,952,263,28,244,2285,22,470,9
3/25/20,355,12,0.0,80,262,2737,896,2020-03-25,1192,1154,0.0,23,1859,453,131,128,191,1586,30,262,1991,2424,263,356,358,60,68,66,0,2684,45,27747,628,21,0.0,675,155,225,1038,51,316,23,894,1226,305,36,331,2535,37,609,15
3/26/20,477,15,0.0,121,297,3569,1177,2020-03-26,1684,1423,0.0,36,2526,612,162,166,241,2027,34,346,2383,2982,319,453,535,83,71,62,0,4280,45,33431,751,23,0.0,834,238,269,1472,64,316,27,1070,1557,357,44,385,3101,50,715,19
3/27/20,541,15,0.0,153,335,4266,1413,2020-03-27,2083,1881,0.0,55,3011,930,215,198,295,2419,42,461,2803,3788,367,538,700,101,77,84,4,5464,58,39880,919,32,0.0,1094,304,354,1925,79,373,36,1282,1930,422,45,511,3313,72,907,26
3/28/20,634,19,0.0,180,356,4668,1646,2020-03-28,2701,2227,0.0,54,3476,1173,276,258,370,2903,48,579,3108,4823,408,617,806,120,90,169,0,6876,85,46707,1056,46,0.0,1354,359,407,2330,100,465,46,1467,2446,534,50,621,3854,87,1032,31
3/29/20,748,21,0.0,223,370,5358,1830,2020-03-29,3139,2506,0.0,69,4564,1438,314,322,426,3038,62,689,3340,5678,464,703,870,144,101,377,0,8327,102,53018,1184,48,0.0,1595,409,470,2790,127,550,64,1671,2780,639,54,755,4263,103,1139,32
3/30/20,802,22,0.0,274,408,6618,2048,2020-03-30,4006,2656,0.0,90,5016,1693,398,363,467,3487,68,795,3913,6717,529,792,1221,161,136,244,56,10431,102,59341,1370,54,0.0,1869,457,520,3419,174,668,73,1867,3132,714,75,876,4646,130,1201,38
3/31/20,881,23,0.0,296,452,7624,2299,2020-03-31,5148,3741,0.0,119,5948,2052,470,422,605,4602,75,921,4478,7850,577,860,1473,186,162,225,0,11311,149,67701,1517,59,0.0,2126,537,591,4099,239,773,81,2315,3793,789,61,1079,5136,145,1373,47
4/1/20,940,23,0.0,321,511,8745,2583,2020-04-01,5334,4427,0.0,134,6924,2436,520,471,609,5636,75,1092,5112,9605,633,987,1721,196,198,296,0,13357,159,74662,1781,72,0.0,2464,678,626,5030,286,905,99,2847,4337,789,73,1292,5277,168,1509,56
4/2/20,1070,26,0.0,356,566,10062,2827,2020-04-02,7050,5128,0.0,198,7626,2886,575,534,747,8247,96,1240,5762,11104,680,1083,1915,226,231,316,0,15167,179,82128,2005,80,0.0,2806,830,705,6140,316,1063,133,2916,5047,967,73,1495,6015,185,1689,65
4/3/20,1293,31,0.0,408,624,11132,3161,2020-04-03,8119,5592,0.0,222,8825,3252,659,608,747,9285,118,1434,6559,13071,720,1250,2033,228,263,207,0,17387,233,91392,2286,91,0.0,3204,932,765,7253,316,1178,154,2963,5708,1097,85,1767,6454,194,1939,72
4/4/20,1393,32,0.0,476,663,11940,3454,2020-04-04,9166,5906,0.0,242,10272,3720,744,674,872,11129,127,1626,7172,14569,786,1341,2370,248,298,287,0,19179,245,100955,2535,100,0.0,3608,1095,765,8929,452,1337,175,3213,6539,1261,102,2129,6831,226,1957,81
4/5/20,1535,33,0.0,537,756,13935,3719,2020-04-05,9816,6382,0.0,267,11167,4150,818,726,910,11553,133,1855,7665,16085,854,1509,2466,269,335,297,4,20866,310,109181,2785,112,0.0,3895,1181,904,9897,475,1454,203,3517,7174,1426,115,2316,7376,263,2235,89
4/6/20,1687,35,0.0,587,795,14863,3878,2020-04-06,10563,7024,0.0,273,12155,4658,893,822,910,13215,142,2112,8601,17631,896,1597,2924,282,385,305,1,22538,352,116836,3034,118,0.0,4289,1249,904,11274,513,1593,245,3680,8002,1486,128,2508,7808,282,2350,95
4/7/20,1880,35,0.0,610,860,16102,4019,2020-04-07,11547,8485,0.0,311,13437,5173,990,883,1092,14516,147,2341,9566,19440,964,1760,3215,301,408,350,1,23696,405,123837,3328,123,0.0,4591,1380,954,12782,573,1760,275,4008,8872,1539,120,2885,8155,339,2475,98
4/8/20,2014,37,0.0,666,911,17558,4165,2020-04-08,12286,9544,0.0,326,14965,5576,1081,1016,1092,15169,155,2951,10495,20854,1045,1842,3399,313,463,334,1,24954,431,133709,3565,127,0.0,4939,1432,991,14352,620,1760,347,4226,9719,1637,150,3150,8723,397,2607,102
4/9/20,2312,38,0.0,733,1015,18338,4516,2020-04-09,13053,10192,0.0,339,16284,5937,1199,1086,1273,16254,167,3300,11456,22051,1123,2086,3637,334,507,394,32,26592,450,143189,3851,135,0.0,5290,1583,1110,15659,683,2067,400,4486,11148,1638,132,3511,9008,405,2770,104
4/10/20,2521,42,0.0,766,1066,19564,4677,2020-04-10,13948,11085,0.0,391,17740,6461,1302,1087,1625,17109,180,3761,12417,23015,1212,2274,4025,341,564,520,32,28156,564,152311,4084,137,0.0,5641,1683,1111,17155,725,2302,486,4735,12033,1873,183,3913,9455,452,2946,111
4/11/20,2749,44,0.0,823,1121,20119,4920,2020-04-11,14637,11734,0.0,408,19024,6922,1414,1242,1625,17785,195,4178,13077,24217,1299,2429,4269,352,618,496,0,29985,574,159640,4380,144,0.0,5988,1751,1151,18459,788,2431,578,4972,12947,1960,149,4417,9724,456,3085,121
4/12/20,3042,49,0.0,876,1171,21144,5170,2020-04-12,15806,12006,0.0,412,20695,7388,1483,1311,1846,18277,200,4437,13508,24875,1473,2553,4407,362,699,449,1,31846,684,166627,4683,146,0.0,6328,1853,1291,19477,897,2508,677,5343,13597,2050,150,4587,9879,468,3201,125
4/13/20,3183,49,0.0,931,1299,22222,5434,2020-04-13,16685,12855,0.0,429,21859,7798,1584,1356,1901,18653,209,4812,14553,26296,1473,2691,4583,369,721,472,1,33268,684,172542,4863,159,0.0,6683,1947,1336,20608,903,2556,814,5431,14193,2102,157,4995,9861,485,3276,127
4/14/20,3368,51,0.0,960,1375,23651,5598,2020-04-14,17172,14052,0.0,441,23080,7920,1751,1408,1891,19054,210,5122,15809,27699,1542,2826,4742,373,794,550,1,35939,766,178687,5025,161,0.0,6972,2055,1378,21613,923,2693,934,5642,14918,2148,160,5406,9978,503,3382,129
4/15/20,3470,53,0.0,980,1443,24778,5822,2020-04-15,17922,14429,0.0,449,24419,8320,1841,1468,2055,19438,218,5381,17105,28770,1650,3086,4867,378,798,572,0,36720,874,188695,5305,173,0.0,7458,2104,1396,22660,974,2776,1114,5642,15813,2270,167,5693,10056,564,3528,131
4/16/20,3694,54,0.0,1063,1495,25694,6052,2020-04-16,18575,15067,0.0,512,25556,8836,1958,1579,2256,19926,236,5840,18209,29570,1650,3329,5160,388,842,573,0,38812,874,196602,5691,182,0.0,8047,2182,1453,23946,1043,3000,1257,5971,16766,2402,174,6019,10168,586,3656,136
4/17/20,3897,55,0.0,1142,1569,27070,6274,2020-04-17,19683,16476,0.0,520,27393,9357,2105,1690,2336,20385,245,6304,19697,30810,1895,3483,5369,395,955,694,2,40129,966,202346,5983,182,0.0,8709,2290,1497,25360,1068,3137,1355,6057,17730,2512,174,6531,10589,627,3790,140
4/18/20,4013,59,0.0,1208,1617,28319,6533,2020-04-18,20226,16944,0.0,547,28962,9802,2248,1780,2514,20786,250,6741,20377,31589,2030,3655,5560,399,1114,646,0,41884,1112,208123,6330,264,0.0,9792,2290,1552,26589,1118,3267,1485,6368,18585,2635,180,7017,10818,636,3909,141
4/19/20,4162,61,0.0,1280,1654,29177,6753,2020-04-19,20866,17555,0.0,555,30152,10333,2605,1863,2754,21083,256,7070,20876,32204,2167,3925,5727,406,1321,688,0,43703,1142,213422,6615,304,0.0,11157,2365,1610,27533,1213,3375,1576,6825,19135,2764,185,7409,10990,732,4043,141
4/20/20,4305,62,0.0,1319,1845,31390,7004,2020-04-20,21479,18621,0.0,558,31303,10745,2786,2004,2843,21653,260,7515,22149,32817,2277,4144,5886,406,1490,729,4,45174,1237,217935,6820,312,0.0,12447,2472,1645,28386,1252,3432,1626,6986,19626,2899,186,7785,11104,742,4126,141
4/21/20,4512,63,0.0,1358,1858,33056,7257,2020-04-21,22162,19082,0.0,600,32844,11114,3152,2118,2990,21924,263,7834,23300,33505,2371,4327,6080,410,1526,728,14,47670,1237,222142,7110,320,0.0,13233,2596,1689,29550,1298,3425,1696,7108,20523,2982,182,8341,11324,746,4222,202
4/22/20,4745,64,0.0,1399,2140,34890,7520,2020-04-22,22525,20335,0.0,622,34885,11400,3244,2284,3149,22264,268,8163,24460,34836,2512,4491,6268,412,1646,750,17,49098,1429,226134,7496,334,0.0,13583,2673,1732,30164,1252,3696,1792,7108,21174,3121,185,8912,11481,768,4353,203
4/23/20,4951,64,0.0,1474,2461,36931,7739,2020-04-23,23581,20973,0.0,670,36699,11863,3376,2673,3246,22659,273,8733,25684,36238,2705,4725,6525,415,2018,776,11,51274,1556,230356,7952,345,0.0,14121,2790,1786,31993,1416,3825,1889,7600,22496,3281,185,9558,11601,798,4507,204
4/24/20,5114,64,0.0,1524,2663,38632,8271,2020-04-24,24234,21542,0.0,693,39397,12406,3779,2911,3516,23002,274,9239,26823,37670,2928,4991,6761,417,2226,837,3,52130,1668,237371,8376,355,0.0,14573,2887,1832,33477,1276,3954,1973,7811,23482,3446,185,10055,11791,824,4659,206
4/25/20,5114,64,0.0,1581,2758,39590,8844,2020-04-25,24455,22243,0.0,701,41497,12991,4256,3087,3636,23323,274,9997,27456,38110,3178,5244,6926,417,2505,843,9,53790,1765,246268,8659,364,0.0,14970,2956,1897,34231,1307,4095,2076,8244,23989,3601,189,10707,12095,824,4875,206
4/26/20,5450,64,0.0,1643,2832,40722,9187,2020-04-26,25047,22503,0.0,709,43607,13304,4599,3228,3793,23546,284,10457,27860,38852,3312,5416,7084,420,2810,935,5,55880,1800,251315,9056,388,0.0,15337,3006,1945,35583,1371,4314,2141,8705,24799,3767,190,11220,12286,861,5044,206
4/27/20,5536,66,0.0,1692,2900,42102,9473,2020-04-27,25545,23285,0.0,709,45583,13686,4853,3423,3864,23794,284,11131,28869,39333,3516,5582,7246,421,3121,844,11,56848,1883,254634,9483,429,0.0,15678,3033,1984,36406,1389,4431,2172,8944,25239,3878,189,11696,12426,865,5134,206
4/28/20,5716,67,0.0,1728,2956,43197,9779,2020-04-28,26182,23854,0.0,746,47783,14204,5241,3598,4069,23964,288,11571,29828,40412,3860,5813,7387,422,3279,876,7,58095,1981,257258,9835,437,0.0,16092,3141,2013,37793,1400,4532,2240,9068,26169,3985,190,12408,12557,888,5272,208
4/29/20,5855,67,0.0,1784,3012,45685,10060,2020-04-29,26446,24645,0.0,746,50020,14736,5559,3783,4227,24279,293,12026,30858,41579,4305,6023,7549,422,3602,890,7,59471,2190,261151,10377,457,0.0,16592,3202,2073,38793,1433,4665,2297,9372,27166,4132,190,12922,12755,899,5450,209
4/30/20,6010,67,0.0,1835,3093,47004,10390,2020-04-30,26835,25107,0.0,765,52558,15298,5797,4357,4382,24586,293,12643,31832,42652,4767,6240,7728,424,4010,916,3,60434,2319,265067,10769,469,0.0,17263,3341,2122,40200,1539,4854,2365,9726,28511,4304,192,13633,12981,910,5696,210
5/1/20,6192,69,0.0,1888,3143,48771,10688,2020-05-01,27643,26290,0.0,787,55666,15979,6471,4579,4548,25157,296,13894,32805,43660,5333,6581,7905,424,4703,965,15,61744,2387,268371,11211,478,0.0,17942,3467,2178,41533,1575,4992,2438,10862,29462,4451,193,14558,13216,924,6035,210
5/2/20,6455,69,0.0,1945,3173,49995,10952,2020-05-02,28226,27096,0.0,809,58080,16588,7157,4830,4545,25535,298,14484,33235,44508,5784,6790,8120,426,4994,993,34,63019,2544,272323,11542,493,0.0,18499,3565,2230,42247,1757,5203,2492,11615,30685,4605,197,15253,13498,953,6280,210
5/3/20,6673,70,0.0,2003,3237,51479,11211,2020-05-03,28744,27415,0.0,809,61042,17115,7625,5099,4768,25691,303,15108,33607,45123,6184,6894,8337,426,5335,1021,19,64404,2612,275240,11772,498,0.0,19053,3677,2270,42780,1808,5328,2527,12116,31762,4789,202,16022,13636,959,6493,211
5/4/20,6871,70,0.0,2056,3290,52430,11385,2020-05-04,29460,28142,0.0,848,63308,17546,8085,5326,4881,25974,309,15672,34411,45409,6725,7183,8515,427,5707,1034,15,65190,2755,277426,12072,504,0.0,19584,3742,2340,44191,1843,5445,2558,12489,32542,4931,203,16740,13868,979,6672,211
5/5/20,7164,70,0.0,2133,3328,54902,11623,2020-05-05,29866,28640,0.0,865,65385,17957,8467,5590,5435,26268,314,16116,35198,45953,7269,7457,8685,426,6041,1060,15,66303,2833,279384,12505,521,0.0,20044,3813,2401,45009,1924,5524,2605,12597,33633,5060,205,17423,13985,996,6901,212
5/6/20,7383,71,0.0,2233,3410,56885,11900,2020-05-06,30309,29318,0.0,891,67706,18703,8739,5932,5539,26620,319,16807,35976,46728,7932,7653,8919,426,6349,1068,20,66956,2949,281705,13077,525,0.0,20604,3883,2470,45868,1730,5614,2658,12839,34634,5197,206,18068,14247,992,7125,213
5/7/20,7674,72,0.0,2333,3500,58349,12203,2020-05-07,30953,30157,0.0,907,70314,19263,9329,6271,5722,26830,334,17550,36741,47384,8657,7901,9136,426,6987,1081,21,67167,3099,284789,13573,548,0.0,21137,3991,2529,46813,1786,5802,2767,12982,35727,5318,209,18536,14551,1018,7384,213
5/8/20,7974,72,0.0,2453,3541,59905,12499,2020-05-08,31288,30705,0.0,907,73170,19813,9696,6601,5875,26999,344,18313,37386,48101,9299,8283,9277,428,7468,1145,28,67990,3246,287327,14021,558,0.0,21967,4071,2590,47963,1893,5998,2992,13315,36930,5505,210,19221,14684,1035,7673,214
5/9/20,8215,73,0.0,2530,3541,62565,12859,2020-05-09,31956,31120,0.0,922,75473,20337,9896,6761,6012,27491,346,18958,37736,48582,9927,8547,9412,428,7735,1250,32,68644,3334,289722,14473,568,0.0,22575,4128,2672,48941,1906,6148,3237,13630,38075,5678,210,19945,14942,1035,7961,214
5/10/20,8398,73,0.0,2597,3797,63496,13092,2020-05-10,32435,32105,0.0,941,77110,20689,10155,6879,6012,27641,354,19564,37912,48967,10367,8664,9515,428,7813,1146,28,69282,3376,291708,14737,571,0.0,22933,4217,2725,50060,1925,6260,3350,13837,38937,5809,210,20730,15137,1054,8171,215
5/11/20,8627,73,0.0,2646,3827,65124,13171,2020-05-11,32763,32514,0.0,961,78345,21147,10539,7085,6219,27831,358,20087,38543,49475,10860,8828,9617,429,8045,1160,31,69862,3543,293093,15032,581,0.0,23571,4243,2775,50455,1976,6382,3440,14384,40231,5915,210,21637,15347,1057,8342,216
5/12/20,8867,77,0.0,2723,3944,66682,13334,2020-05-12,33503,33371,0.0,989,82285,21566,11063,7165,6380,28037,360,20549,39210,50083,11502,9045,9717,429,8164,1202,26,70262,3654,294347,15440,588,0.0,23999,4357,2836,51162,2013,6498,3483,14935,41307,5984,211,22326,15539,1069,8496,215
5/13/20,9075,77,0.0,2864,4010,68439,13495,2020-05-13,33926,33839,0.0,989,83935,21889,11420,7441,6380,28598,368,20992,39773,50615,11886,9222,9893,430,8535,1188,26,70760,3781,296260,16120,594,0.0,24433,4480,2890,51830,2041,6590,3540,15183,42656,6164,212,23139,15694,1083,8762,217
5/14/20,9415,77,0.0,2936,4134,70350,13708,2020-05-14,34635,34359,0.0,1029,87153,22412,11768,7624,6700,29348,375,21754,40355,51894,12347,9582,10033,430,8878,1211,34,71428,3874,298315,16863,603,0.0,24999,4586,2955,52687,2116,6733,3588,15495,44106,6288,215,24066,15921,1107,9112,222
5/15/20,9654,75,0.0,3053,4227,72026,13949,2020-05-15,35426,35128,0.0,1029,89556,22927,12113,7797,6905,29614,381,22425,40860,52512,13088,9870,10211,430,9216,1247,34,71643,3987,300488,17546,609,0.0,25556,4705,3004,53526,2208,6927,3663,15748,45326,6446,215,24779,16068,1118,9474,225
5/16/20,9906,75,0.0,3154,4335,73971,14212,2020-05-16,36010,35563,0.0,1078,91616,23497,12370,7850,7117,29853,389,23004,41157,52991,13755,10167,10376,432,9819,1256,10,72255,4141,302537,18003,619,0.0,26030,4851,3072,54433,2247,7152,3706,16045,47038,6589,215,25666,16378,1137,9934,231
5/17/20,9997,75,0.0,3207,4512,75306,14415,2020-05-17,36692,35925,0.0,1078,93304,23961,12655,7863,7117,30133,400,23586,41310,53604,14388,10321,10491,432,9775,1323,10,72715,4202,304203,18387,629,0.0,26450,4918,3081,54849,2291,7298,3729,16139,47982,6752,216,26299,16507,1154,10261,241
5/18/20,10259,75,0.0,3315,4562,76578,14572,2020-05-18,37388,36598,0.0,1105,95562,24364,12931,8211,7316,30301,403,24211,41853,54472,15026,10455,10619,434,10222,1333,32,73317,4335,305263,18886,631,0.0,26944,4992,3131,55640,2348,7417,3758,16781,48761,6894,216,26958,16658,1160,10395,249
5/19/20,10493,78,0.0,3417,4666,78617,14741,2020-05-19,37807,37120,0.0,1105,97081,24771,13237,8261,7442,30592,408,25471,42289,55070,15611,10710,10721,435,10447,1362,11,73811,4407,306565,19363,636,0.0,27392,5073,3165,56188,2436,7510,3803,17177,50094,7026,219,27865,16832,1160,10576,251
5/20/20,11053,78,0.0,3461,4738,80758,14924,2020-05-20,38243,38048,0.0,1144,99421,25259,13538,8413,7534,30801,419,25854,42744,55895,16199,10963,10859,442,10714,1462,14,74346,4456,307906,20127,686,0.0,27822,5111,3226,56846,2489,7616,3857,17177,51395,7200,220,28543,16970,1194,11082,255
5/21/20,11267,78,0.0,3580,5162,82721,15219,2020-05-21,39247,38848,0.0,1144,101645,25847,14055,8524,7640,31531,425,26566,43175,56534,16671,11206,10973,443,11015,1384,15,74798,4587,309758,20864,720,0.0,28500,5249,3240,57836,2527,7800,3857,17708,52559,7349,222,29689,17084,1217,11511,264
5/22/20,11583,79,0.0,3646,5291,84779,15430,2020-05-22,39873,39608,0.0,1229,104361,26251,14358,8800,7766,31847,437,27072,43560,57070,17407,11579,11157,443,11248,1424,17,75243,4681,311207,21779,734,0.0,29064,5411,3280,58659,2619,8022,3966,18135,53045,7524,223,30435,17203,1316,11988,265
5/23/20,11978,83,0.0,3784,5427,86918,15770,2020-05-23,40426,40332,0.0,1229,106669,26699,14666,8833,7898,31847,440,27690,43730,57544,18182,11955,11295,443,11540,1424,15,75397,4681,312772,22333,736,0.0,29645,5511,3298,59341,2674,8244,4038,18514,54282,7718,224,31161,17203,1316,12430,265
5/24/20,12292,83,0.0,3906,5524,88280,15947,2020-05-24,41040,40978,0.0,1257,109154,27128,15001,8879,7898,32061,448,28197,43849,57873,18822,12197,11506,443,11707,1446,14,76017,4925,314107,22859,746,0.0,30109,5585,3334,59793,2757,8427,4116,18834,55338,7847,224,31547,17667,1334,12824,279
5/25/20,12729,84,0.0,3954,5612,90587,15948,2020-05-25,41806,41454,0.0,1257,110855,27415,15287,8998,7898,32623,453,28701,43949,58087,19495,12385,11636,443,11935,1473,12,76471,4980,315208,23299,749,0.0,30630,5624,3351,60064,2815,8496,4138,19242,55878,7971,227,32976,17886,1349,13119,278
5/26/20,13264,85,0.0,4116,5739,93470,16129,2020-05-26,42241,41981,0.0,1257,112018,27735,15412,9071,8260,32752,462,29030,44362,58431,20095,12649,11792,443,12187,1527,12,76785,5058,316150,23886,706,0.0,31124,5664,3366,60858,2869,8710,4177,19596,56697,8063,228,34469,17961,1349,13394,281
5/27/20,13584,85,0.0,4214,5808,94907,16238,2020-05-27,42559,42592,0.0,1322,113113,28024,15623,9163,8372,33087,472,29527,44638,59036,20567,12942,11901,444,12550,1555,10,77530,5143,317117,24523,707,0.0,31503,5739,3433,61569,2931,8901,4218,19972,57979,8138,230,35245,18166,1457,13951,282
5/28/20,14035,93,0.0,4410,5974,97460,16478,2020-05-28,43087,43171,0.0,1372,114608,28553,15804,9241,8466,33313,481,30346,44912,59545,21009,13248,12083,445,12811,1584,10,77406,5196,318589,25610,711,0.0,31931,5778,3476,62133,3009,9042,4265,20356,59818,8335,230,36248,18475,1491,14444,288
5/29/20,14472,95,0.0,4541,6171,100163,16826,2020-05-29,44111,43742,0.0,1372,116202,28978,16145,9531,8719,33313,483,31069,45115,60243,21533,13644,12214,447,13203,1602,6,78344,5304,319873,26640,720,0.0,32540,5838,3518,62811,3156,9348,4300,20726,60324,8623,231,37242,18713,1504,15164,289
5/30/20,14765,98,0.0,4702,6365,103239,17108,2020-05-30,44860,44177,0.0,1399,117635,29454,16403,9558,8941,33992,491,31627,45249,60627,22142,14021,12367,449,13454,1619,6,78783,5403,321088,27520,729,0.0,32977,5905,3567,63431,3223,9563,4354,21208,62294,8847,231,38231,18919,1531,15672,292
5/31/20,15289,109,0.0,4963,6528,105132,17301,2020-05-31,45497,44890,0.0,1417,118955,29792,16651,9568,8941,34272,493,32041,45302,61094,22753,14297,12526,458,13649,1648,6,79331,5443,322031,28257,731,0.0,33431,5905,3618,63750,3274,9991,4375,21208,64042,9076,231,39152,19218,1547,15843,295
6/1/20,15928,113,0.0,5011,6687,107809,17432,2020-06-01,46041,45679,0.0,1417,119913,29995,16770,9785,9232,34650,498,32320,45505,61297,23067,14517,12712,461,13889,1656,6,79525,5526,322827,28868,738,0.0,33880,6043,3670,64227,3360,10232,4399,21208,64981,9243,231,39900,19449,1556,15977,298
6/2/20,16045,118,0.0,5359,6986,110068,17550,2020-06-02,46572,45976,0.0,1489,121506,30322,17033,9830,9359,34988,503,32840,45691,61592,23342,14796,12963,464,14153,1681,10,79857,5730,324022,29664,739,0.0,34231,6152,3702,64736,3412,10468,4420,22910,66676,9421,231,40682,19573,1578,16335,299
6/3/20,16119,129,0.0,5829,7207,112150,17727,2020-06-03,47706,46624,0.0,1489,122468,30752,17247,9954,9556,35295,508,33295,45877,61994,23665,15064,13183,466,14419,1692,10,80021,5810,324915,30807,749,0.0,34647,6262,3756,65208,3487,10519,4471,23394,68211,9659,232,41303,19841,1590,16797,300
6/4/20,16328,133,0.0,6029,7455,114805,17876,2020-06-04,48844,47528,0.0,1526,123380,31110,17652,10028,9828,35613,510,33892,46062,62301,24041,15287,13443,475,14666,1719,8,80191,5977,325824,31992,752,0.0,35102,6350,3815,65695,3900,10575,4520,23743,69872,9928,233,42201,20056,1601,17277,303
6/5/20,16607,138,0.0,6533,7647,118198,18027,2020-06-05,49952,48237,0.0,1613,124510,31520,17913,10166,10089,35973,518,34428,46180,63104,24691,15488,13589,477,14931,1761,85,80579,6244,326768,33261,759,0.0,35521,6443,3899,66112,3999,11357,4546,24196,71847,10194,233,42820,20261,1611,17622,312
6/6/20,17187,148,0.0,6723,8032,120814,18180,2020-06-06,50974,48948,0.0,1633,125481,31884,18191,10221,10384,36392,526,34828,46259,63192,25171,15746,13857,476,15095,1795,10,80846,6325,327747,34169,774,0.0,35855,6495,3899,66712,4247,11437,4606,24681,73757,10505,238,43623,20630,1624,17936,312
6/7/20,17589,149,0.0,7367,8274,122788,18287,2020-06-07,51941,49480,0.0,1633,126337,32243,18383,10263,10384,36672,535,35114,46335,63245,25516,15968,13935,478,15186,1819,9,80984,6424,328407,35220,787,0.0,36201,6575,3985,67053,4306,12066,4651,24966,74689,10739,238,44799,20867,1627,18193,318
6/8/20,17967,156,0.0,7483,8527,125762,18405,2020-06-08,52735,50048,0.0,1669,126987,32450,18598,10400,10561,36863,539,35344,46501,63372,25818,16419,14142,481,15307,1848,9,81071,6514,329014,36003,799,0.0,36539,6629,4212,67442,4360,12492,4680,25447,75743,10940,239,45322,21117,1641,18395,326
6/9/20,18403,160,0.0,7676,8783,128420,18510,2020-06-09,53644,50763,0.0,1691,127778,32791,18781,10463,10768,37339,539,35661,46645,63433,26098,16758,14349,485,15437,1865,9,81206,6543,329610,36825,804,0.0,36834,6769,4261,67902,4477,12850,4722,25991,77466,11136,240,45780,21381,1645,18638,337
6/10/20,18905,171,0.0,8034,9014,131272,18613,2020-06-10,54717,51456,0.0,1719,128392,33030,19070,10603,10929,37685,545,35991,46757,63448,26412,17099,14524,490,15577,1913,8,81360,6639,330170,38019,813,0.0,37221,6882,4327,68284,4600,13301,4786,26326,79978,11384,240,46186,21381,1658,18913,344
6/11/20,19658,179,0.0,8512,9360,134685,18712,2020-06-11,56138,52395,0.0,1719,129150,33348,19339,10670,10985,38084,545,36452,46873,63688,26829,17099,14701,493,15832,1977,4,81632,6702,330783,39563,822,0.0,37630,7020,4453,68751,4623,13874,4831,26702,81850,11700,239,46627,21632,1669,19225,360
6/12/20,20425,187,0.0,9153,9979,137869,18808,2020-06-12,57621,53177,0.0,1776,129720,33680,19636,10817,11194,38545,549,36669,46980,63912,27285,17679,14743,501,16038,1996,5,81707,6826,331502,40961,830,0.0,38031,7233,4579,69314,4797,14485,4886,27429,84083,11961,242,47165,21955,1692,19505,374
6/13/20,21215,204,0.0,9821,10453,141046,18917,2020-06-13,59794,54163,0.0,1776,130390,34025,19910,10864,11457,39668,552,37103,47027,64070,27630,17926,14954,513,16156,2041,5,81895,6887,332297,42252,837,0.0,38427,7451,4579,69714,4940,15147,4936,27846,86055,12310,244,47789,22251,1706,19759,387
6/14/20,22081,203,0.0,9898,10795,143220,18994,2020-06-14,61625,55025,0.0,1796,131042,34352,20080,10945,11457,39925,560,37273,47058,64281,27895,18082,14984,518,16245,2063,5,81997,6956,332905,43272,846,0.0,38705,7600,4809,69942,5062,15823,4971,28630,87661,12603,246,48374,22482,1722,19987,390
6/15/20,22684,205,0.0,10278,11115,146340,19104,2020-06-15,63104,55726,0.0,1796,131511,34806,20225,11160,11652,40394,560,37445,47143,64311,28097,18353,15309,521,16366,2090,5,82072,7063,333435,44183,851,0.0,39112,7774,4987,70293,5136,16267,4993,29280,89349,12850,245,48729,22712,1739,20160,405
6/16/20,23262,210,0.0,11011,11343,149331,19210,2020-06-16,65262,56339,0.0,1826,132118,35111,20314,11251,11652,40866,565,37588,47234,64493,28269,18697,15546,524,16553,2103,4,82136,7113,333989,45013,856,0.0,39522,7993,5243,70617,5193,16735,5024,29985,92656,13128,245,49124,22954,1753,20397,411
6/17/20,23626,219,0.0,11197,11643,153066,19343,2020-06-17,67384,57257,0.0,1907,132643,35313,20566,11482,11982,41636,564,37866,47347,64715,28657,19162,15742,530,16746,2111,3,82284,7204,334482,46311,875,0.0,39912,8235,5341,70892,5239,17215,5079,30329,95838,13452,245,49534,23139,1776,20635,430
6/18/20,24416,224,0.0,11819,11905,156974,19474,2020-06-18,70150,58094,0.0,1952,133221,35684,20935,11582,12176,41636,567,37988,47487,64996,28996,19162,16026,549,16928,2194,1,82474,7287,335038,47840,890,0.0,40569,8652,5473,71227,5343,17952,5114,30972,99334,13893,246,49961,23458,1806,21031,449
6/19/20,25133,228,0.0,12937,12412,160462,19656,2020-06-19,73384,59138,0.0,2017,133882,35975,21317,11842,12415,41427,572,38165,47558,65288,29322,19162,16279,558,17099,2226,1,82639,7337,335720,49247,901,0.0,41152,8983,5649,71686,5418,18732,5149,32185,103435,14373,247,50478,23788,1843,21287,470
6/20/20,25612,234,0.0,13670,12826,164470,19752,2020-06-20,76772,60911,0.0,2075,134506,36224,21519,11918,12583,42137,575,38380,47597,65727,29699,19162,16648,582,17216,2268,1,82782,7474,336352,50444,905,0.0,41651,9296,5802,72011,5667,19544,5198,32591,107590,14901,249,51075,24268,1871,21633,475
6/21/20,26045,236,0.0,14200,13122,167830,19861,2020-06-21,79780,61777,0.0,2077,135149,36530,21942,11955,12690,42459,577,38557,47628,65890,30102,19162,17048,594,17320,2300,2,82844,7571,336961,51516,914,0.0,42172,9760,5977,72296,5726,20221,5252,33232,110948,15230,253,51580,24548,1897,21897,490
6/22/20,26433,239,0.0,14622,13532,173499,19949,2020-06-22,82372,62951,0.0,2174,135602,36723,22119,12236,12774,42833,584,38717,47723,66131,30375,20764,17168,605,17470,2300,3,82915,7654,337438,52499,929,0.0,42860,9969,6101,72853,5765,20910,5277,33664,115765,15603,253,52025,24682,1914,22140,508
6/23/20,27013,240,0.0,15764,14075,179642,20078,2020-06-23,84962,64764,0.0,2172,136185,36940,22418,12341,13059,43924,590,38935,47802,66369,30589,21295,17557,607,17605,2327,1,83089,7766,337964,53710,932,0.0,43409,10253,6265,73408,5878,21503,5298,34343,120839,15944,253,52516,25124,1939,22362,520
6/24/20,27875,246,0.0,16286,14690,183867,20255,2020-06-24,89732,66257,0.0,2238,136864,37170,22539,12729,13267,44631,598,39131,47905,66720,30827,21792,17655,625,17725,2384,2,83083,7850,338460,55012,944,0.0,44005,10712,6420,73774,6001,22508,5343,35241,126014,16373,264,53007,25446,1959,22747,537
6/25/20,28902,253,0.0,16973,15284,188607,20472,2020-06-25,94072,67919,0.0,2469,137732,37627,23246,12894,13500,45315,601,39380,47994,67148,31149,22813,18144,652,17848,2472,2,83735,7938,339117,56554,966,0.0,44839,11129,6525,74144,5987,23284,5388,35987,132398,16887,266,53400,25845,2015,23162,569
6/26/20,29762,261,0.0,17629,15734,193793,20689,2020-06-26,101654,69721,0.0,2469,138569,38043,23541,13250,13726,46388,608,39573,48094,67480,31568,23334,18695,675,18023,2500,2,83870,8052,339799,58244,978,0.0,45797,11502,6745,74742,6031,24250,5434,37354,137960,17462,270,53991,26236,2041,23631,589
6/27/20,30558,267,0.0,18204,16173,197528,20839,2020-06-27,109878,71636,0.0,2656,139330,38444,23882,13399,14024,46388,621,39731,48159,67821,31925,23768,19036,696,18272,2617,2,83991,8193,340413,59698,991,0.0,46580,11785,6997,75173,6162,25430,5504,38035,143653,17960,271,54637,26616,2082,24117,603
6/28/20,30884,277,0.0,19035,16621,202031,21017,2020-06-28,117428,73803,0.0,2656,139954,38767,24267,13629,14088,47588,625,39925,48181,68077,32359,24115,19244,707,18394,2682,2,84088,8296,340957,60943,1006,0.0,47399,12075,7216,75450,6265,26416,5547,38035,148460,18373,272,55089,26880,2125,24517,621
6/29/20,32408,289,0.0,19317,16979,209512,21173,2020-06-29,121997,75927,0.0,2868,140676,39033,24565,13985,14198,48257,631,40151,48274,68338,32634,24753,19718,758,18532,2717,1,84113,8364,341297,62158,1017,0.0,48089,12293,7339,75921,6312,27333,5574,40072,154417,18846,272,55527,27299,2156,24821,643
6/30/20,33185,298,0.0,20356,17445,216910,21311,2020-06-30,127210,77635,0.0,3086,141384,39362,24774,14139,14464,49055,639,40314,48366,68822,33022,25381,20191,803,18664,2777,1,84277,8457,341762,63952,1032,0.0,48797,12835,7484,76429,6491,28491,5611,41184,160715,19348,272,56086,27780,2184,25368,668
7/1/20,34023,316,0.0,21235,17818,223310,21526,2020-07-01,132773,80433,0.0,3211,142176,39681,25173,14588,14669,50439,655,40503,48473,69158,33377,25989,20466,840,18790,2895,1,84390,8537,342307,65471,1047,0.0,49811,13174,7730,76863,6554,29518,5663,42914,169958,19787,272,56488,28207,2250,25849,683
7/2/20,35041,338,0.0,21831,18588,230478,21753,2020-07-02,141122,83794,0.0,3376,143010,40084,25844,14749,14888,51433,663,40753,48590,69729,33800,26806,20963,897,18934,2936,1,84589,8612,343045,67434,1057,0.0,51112,13566,8059,77414,6622,30712,5716,44435,176657,20266,275,56990,28728,2311,26357,703
7/3/20,36548,350,0.0,22749,19020,234248,21949,2020-07-03,148882,86426,0.0,3592,143836,40567,26027,15404,15157,52832,675,41067,48633,70209,34171,27641,21452,938,19134,3058,2,84747,8749,343864,68793,1081,0.0,52095,14052,8354,77941,6688,31858,5780,46141,184279,20782,276,57613,29227,2367,26892,725
7/4/20,37456,360,0.0,23425,19551,236156,22126,2020-07-04,158474,89111,0.0,3830,144670,41055,26556,15648,15157,52832,678,41248,48663,70594,34171,28567,21852,976,19297,3217,1,84900,8870,344488,70101,1098,0.0,52964,14583,8604,78268,6773,33184,5827,47509,191391,21356,276,58245,29481,2431,27581,733
7/5/20,38433,363,0.0,24268,20088,247286,22251,2020-07-05,166456,91193,0.0,3984,145292,41779,26970,15818,15157,54310,680,41394,48716,70937,34628,28779,22078,1017,19400,3312,4,85031,8953,344972,71472,1114,0.0,53882,14849,8863,78547,6886,34192,5850,48616,194836,21696,277,58845,29993,2479,28065,747
7/6/20,39249,367,0.0,24868,20469,253422,22378,2020-07-06,171895,92653,0.0,4124,145881,42058,27185,16360,15873,55136,680,41507,48848,71252,35001,29113,22456,1052,19515,3410,3,85117,9039,345409,72792,1122,0.0,54647,15238,9002,78974,7440,35176,5887,49284,202984,22140,277,59182,30758,2626,28513,778
7/7/20,39996,373,0.0,25592,20670,265145,22639,2020-07-07,178024,95878,0.0,4325,147565,42128,27544,16581,16197,56655,690,41867,48955,71862,35500,30003,23085,1125,19667,3432,1,85210,9138,345937,74281,1146,0.0,55542,16040,9184,79446,7547,35839,5938,50670,213243,22626,279,59771,31004,2669,28960,798
7/8/20,41033,388,0.0,26296,21317,272811,22964,2020-07-08,186165,99065,0.0,4553,148515,42525,27964,17024,16561,57984,691,42119,49072,72486,35880,30631,23718,1164,19887,3467,1,85241,9244,346553,76147,1180,0.0,56752,16667,9364,79962,7574,36887,6001,52978,221975,23257,280,60358,31377,2847,29529,816
7/9/20,43036,403,0.0,27022,21957,282063,23249,2020-07-09,193154,101753,0.0,4820,149503,42989,28539,17458,16856,59395,693,42475,49206,72971,36362,31283,24503,1243,20073,3532,1,85331,9325,347063,78066,1222,0.0,57825,17216,9701,80531,7667,38060,6081,54519,233060,23772,281,60935,31830,2948,30224,833
7/10/20,44200,416,0.0,27689,22584,290236,23745,2020-07-10,202297,106080,0.0,5091,150806,43644,29376,17964,17244,61465,700,42680,49334,73563,36903,32250,25116,1361,20224,3665,2,85491,9489,347737,80255,1260,0.0,59246,17747,9938,81196,7901,39218,6140,56370,242121,24513,283,61827,32260,3081,31021,842
7/11/20,45440,423,0.0,28343,23553,297434,24020,2020-07-11,210470,109109,0.0,5459,151954,44361,29811,18347,17628,63280,711,42926,49386,74209,37616,33005,25614,1431,20440,3720,2,85615,9573,348340,82120,1305,0.0,60501,18387,10276,81623,8094,40849,6184,57703,250440,25050,284,62619,32260,3228,31873,862
7/12/20,46900,458,0.0,28986,23977,302778,24257,2020-07-12,223266,111573,0.0,5661,152895,44851,30522,18641,17854,64335,716,43232,49440,74599,38240,33829,25882,1501,20605,3787,6,85792,9681,348931,83827,1352,0.0,61785,18797,10541,81926,8346,42226,6221,58629,258691,25591,285,63446,33324,3317,32586,874
7/13/20,48665,469,0.0,29209,24502,311143,24493,2020-07-13,233708,115071,0.0,5832,153751,45240,30720,19271,18096,65698,715,43400,49612,74991,38666,34196,26255,1580,20823,3851,5,85894,9767,349420,85776,1406,0.0,62955,19284,10781,82341,8648,43218,6245,61846,265607,26075,287,64384,34216,3377,33056,904
7/14/20,50192,485,0.0,30085,25284,322844,24798,2020-07-14,240835,118206,0.0,6014,154422,45846,30942,19504,18603,67395,715,43814,49713,75634,39011,34993,27140,1687,21139,3905,0,86059,9851,350221,87581,1440,0.0,64026,20217,11110,82858,8750,44605,6291,63250,275213,26423,287,65118,34597,3455,33924,921
7/15/20,51715,497,0.0,30830,25691,331010,25117,2020-07-15,249099,121882,0.0,6424,155570,46481,31566,19950,19029,68912,717,44147,49867,76649,39498,35916,27918,1816,21397,3941,0,86256,9964,350928,89485,1484,0.0,65265,21184,11338,83494,8964,45946,6364,65400,286410,26786,290,66145,35072,3577,34675,936
7/16/20,53498,510,0.0,31394,26377,340319,25535,2020-07-16,260951,125172,0.0,6759,156769,47149,32308,20411,19383,70726,722,44403,49984,77543,40033,37052,28675,1938,21547,4054,0,86345,10084,351589,91298,1535,0.0,66473,21786,11697,84053,9140,47190,6399,67755,301214,27611,290,67007,36179,3656,35505,964
7/17/20,55260,524,0.0,32082,26962,347953,25989,2020-07-17,270292,128932,0.0,7025,158132,47828,32816,20968,19856,72390,726,44718,50102,78254,40611,38016,29484,2062,21768,4145,0,86373,10240,352258,93487,1591,0.0,68049,22435,11947,84685,9624,48556,6481,69856,312920,28228,292,67959,36746,3762,36341,991
7/18/20,57070,542,0.0,32497,27605,354634,26252,2020-07-18,278686,133454,0.0,7294,159350,48587,33206,21268,20394,72390,729,45098,50167,78960,41006,38961,30385,2152,21888,4201,0,86510,10353,352922,95175,1649,0.0,69520,23302,12253,85150,9912,49686,6535,72281,322173,28884,294,68832,37457,3837,37238,1016
7/19/20,58546,569,0.0,33083,28214,360597,26513,2020-07-19,289156,136606,0.0,7612,160286,49432,33654,21571,21321,74748,756,45540,50209,79450,41635,39701,31176,2207,21987,4326,0,86484,10449,353357,96392,1717,0.0,70568,23475,12640,85512,10450,51327,6567,73968,330264,29553,299,69857,38194,3928,38004,1031
7/20/20,60191,581,0.0,33353,28800,370507,26835,2020-07-20,297269,138965,0.0,7875,161375,50011,34154,22208,21559,77143,761,45812,50353,79945,42503,40857,31732,2282,22240,4381,0,86531,10543,353780,98179,1784,0.0,71732,23628,12872,86270,10798,52374,6604,75491,338750,29915,302,70747,38810,4019,38680,1064
7/21/20,61454,600,0.0,34213,29445,381202,27195,2020-07-21,304593,142199,0.0,8166,162284,50640,34511,22471,22144,78429,763,46208,50492,80577,42699,42355,32772,2352,22577,4460,0,86648,10698,354479,99898,1836,0.0,72703,24436,13129,86988,11223,53817,6674,77530,345942,30329,299,71684,39413,4105,39686,1089
7/22/20,62706,631,0.0,34477,29969,392127,27673,2020-07-22,312603,145324,0.0,8391,163852,51343,34951,23013,22563,80566,746,46440,50644,81224,43142,43791,34006,2434,22861,4548,0,86866,10848,355049,102184,1904,0.0,74135,25335,13338,87520,11303,55054,6724,79882,358196,30820,300,72632,39923,4143,40341,1119
7/23/20,64654,650,0.0,34813,30819,400752,28120,2020-07-23,321011,149382,0.0,8597,165410,52193,35479,23484,23108,82191,746,46696,50806,81877,43786,44672,35492,2523,23184,4639,0,86954,11003,355747,104283,1955,0.0,75494,25949,13602,88156,11654,56195,6788,82224,367527,31261,301,73405,40562,4353,41320,1152
7/24/20,66208,666,0.0,35554,31700,409138,28542,2020-07-24,331186,153973,0.0,8909,166933,53094,36062,24051,23812,83796,751,47132,50932,82487,44458,46064,37024,2622,23530,4780,0,87172,11139,356328,106173,2026,0.0,76942,26999,13941,88934,12094,57621,6838,84199,374614,31969,304,74476,41207,4510,42282,1192
7/25/20,67989,695,0.0,36350,32363,414730,29099,2020-07-25,340840,157576,0.0,9201,168317,53925,36462,24502,24582,83796,757,47690,51025,83011,45151,47338,38373,2777,23745,4891,0,87402,11269,356955,107855,2101,0.0,78298,27881,14269,89470,12569,58583,6937,85789,384407,32552,307,75648,42047,4601,43156,1219
7/26/20,68970,709,0.0,36804,32915,420398,29460,2020-07-26,348537,160225,0.0,9375,169793,54697,36912,24783,24870,86738,769,48005,51101,84010,45893,48443,39456,2858,23959,5060,0,87617,11378,357406,109345,2168,0.0,79121,28974,14485,89874,13083,59380,7017,88706,388201,32846,308,76560,42678,4694,44047,1236
7/27/20,70508,736,0.0,37220,33635,425906,29607,2020-07-27,355609,162983,0.0,9707,170967,55174,37220,25273,25336,88592,773,48513,51279,84507,46463,49034,40738,2888,24231,5131,0,87781,11671,357946,111205,2219,0.0,80138,30289,14792,90867,13340,60206,7065,91043,394427,33220,308,77977,43233,4784,44615,1268
7/28/20,71562,752,0.0,37671,34280,437327,30107,2020-07-28,363304,166989,0.0,9977,172012,55839,37427,25507,25812,89459,778,48772,51467,85273,46882,50217,42323,2972,24481,5171,0,87977,11830,358420,112697,2288,0.0,81395,31231,15082,91659,13698,61387,7107,93427,402371,33613,308,78835,43838,4892,45298,1318
7/29/20,72748,765,0.0,38182,34850,450716,30438,2020-07-29,370840,170056,0.0,10255,173362,56401,38071,26028,26350,90786,783,49112,51645,86268,47452,51830,44005,3107,24732,5211,0,87976,12010,359023,114880,2338,0.0,82698,32001,15347,92297,13896,62660,7247,95041,412758,33905,308,79784,44394,5034,46105,1337
7/30/20,74444,794,0.0,38795,35520,457459,30701,2020-07-30,378798,173770,0.0,10602,175071,57251,38679,26310,26961,92115,793,49464,51821,87065,48080,53496,46122,3207,25055,5347,3,88237,12142,359719,116692,2373,0.0,84300,33021,15700,92917,14345,63874,7284,96921,421898,34333,309,80637,45063,5109,47042,1376
7/31/20,76104,809,0.0,39369,36174,464752,31092,2020-07-31,386052,177654,0.0,10868,176953,58072,39108,26768,27672,93254,799,50060,51975,87832,48730,54585,47548,3324,25486,5527,1,88546,12220,360286,118535,2460,0.0,85755,33696,16020,93527,14515,64957,7356,99735,431916,34766,314,81544,45063,5285,47812,1400
8/1/20,77572,839,0.0,40094,36753,470318,31406,2020-08-01,393783,181097,0.0,11049,178514,58915,39611,26991,28201,93254,809,50508,52053,88568,49383,55629,48493,3420,25657,5567,1,88726,12316,360953,119828,2528,0.0,86622,34830,16297,94027,15447,66051,7443,101754,438291,35204,316,82413,46400,5416,48778,1427
8/2/20,79354,870,0.0,40450,37318,475035,31688,2020-08-02,399236,184134,0.0,11049,179917,59548,40019,27270,28631,96015,815,50887,52101,88970,50051,56271,49028,3508,25950,5686,0,88885,12395,361411,121025,2562,0.0,87511,35256,16539,94409,15919,66944,7526,103085,441698,35602,318,83332,46821,5527,49630,1446
8/3/20,80424,882,0.0,40713,38028,479629,31870,2020-08-03,403106,186275,0.0,11447,181175,60082,40190,27769,28931,96852,819,51225,52262,89579,50605,56815,50026,3533,26189,5741,1,88986,12446,361891,122503,2654,0.0,88356,35605,16774,95117,16248,67774,7585,104022,450062,35917,318,84580,47254,5631,50014,1458
8/4/20,81322,893,0.0,40831,38717,488107,32130,2020-08-04,407601,188623,0.0,11724,182590,60822,40483,28101,29566,100056,824,51585,52390,90371,51122,57817,51200,3588,26407,5773,4,89105,12515,362484,123628,2732,0.0,89419,36406,17059,95692,16718,68656,7642,105660,459330,36243,319,85639,47726,5686,50666,1481
8/5/20,82127,906,0.0,41112,39404,491451,32540,2020-08-05,412169,192179,0.0,11951,184286,61472,41037,28546,30078,101121,833,51813,52548,91059,51653,59000,52333,3673,26701,5830,3,89235,12627,363015,125462,2790,0.0,90543,37446,17303,96238,16994,69519,7714,107217,470222,36616,325,86381,48264,5760,51482,1503
8/6/20,83840,911,0.0,41562,40062,500425,32862,2020-08-06,418445,195170,0.0,12395,186168,62429,41696,28895,30553,102181,832,52013,52744,91770,52415,59763,53447,3824,27013,5920,3,89419,12722,363614,127209,2856,0.0,91630,38207,17506,96810,17244,70451,7809,109268,477079,37135,332,87143,48978,5861,52239,1526
8/7/20,85356,924,0.0,41889,40991,505651,33176,2020-08-07,424762,199076,0.0,12690,188216,63509,42145,29379,31068,103467,834,52395,52899,92558,52882,60808,54465,3950,27273,6069,3,89571,12787,364209,128850,2950,0.0,92729,38989,17877,97395,17878,71552,7899,111519,484379,37529,334,89039,49460,6012,53157,1551
8/8/20,86841,938,0.0,42234,41652,512164,33471,2020-08-08,431528,203274,0.0,12989,190327,64418,42593,29682,31799,103467,837,52773,52995,93230,53682,61934,54649,4062,27408,6163,6,89709,12853,364824,130097,3073,0.0,93944,39720,18198,97834,18483,72482,7988,113192,490649,37846,334,90234,50236,6092,54237,1554
8/9/20,87799,962,0.0,42434,42178,517103,33689,2020-08-09,436623,206283,0.0,13099,191673,65316,42953,29881,32194,105752,843,53189,53053,93741,54359,62429,55929,4112,27584,6209,6,89862,12931,365248,130830,3117,0.0,94757,40160,18434,98322,19061,73185,8097,115168,496327,38174,334,91067,50679,6203,54813,1582
8/10/20,89130,981,0.0,42672,42768,530175,33985,2020-08-10,439880,208631,0.0,13285,192934,65911,43184,30345,32459,106254,845,53522,53246,94285,54893,62872,56855,4166,27815,6245,0,89986,12997,365667,132074,3191,0.0,95581,40518,18627,99072,19666,73746,8148,116303,502559,38416,335,91689,51131,6255,55288,1582
8/11/20,89893,997,0.0,43233,43108,534423,34262,2020-08-11,444575,212007,0.0,13515,194438,66635,43507,30614,32958,107168,844,53847,53415,95166,55184,63475,57889,4238,28132,6288,0,90188,13076,366236,133326,3301,0.0,96604,41234,18868,99704,20168,74337,8192,117227,510578,38731,336,92624,51509,6361,55923,1597
8/12/20,90687,1011,0.0,43445,43747,545823,34492,2020-08-12,451876,215313,0.0,13820,196020,67198,43919,31207,34068,108122,849,54113,53578,95622,55575,64487,59330,4377,28333,6361,1,90432,13149,366821,134974,3356,0.0,97911,41850,19078,100396,20757,74918,8291,118592,516721,39010,342,93347,51950,6459,56343,1597
8/13/20,91346,1043,0.0,44103,44346,551210,34826,2020-08-13,456974,217692,0.0,14062,197811,68104,44277,31574,34763,109011,854,54538,53762,96728,56171,65059,60731,4489,28734,6425,0,90835,13221,367414,136431,3488,0.0,99001,42490,19334,101154,21054,75598,8365,120508,523535,39308,343,94378,52452,6586,57208,1613
8/14/20,91968,1052,0.0,44396,44799,565098,35058,2020-08-14,462049,220660,0.0,14338,200046,69030,45079,32067,35323,110079,857,54893,53959,97550,56812,65947,62041,4596,29035,6585,0,91097,13297,368026,137874,3584,0.0,100058,43209,19610,101775,21622,76231,8475,122295,532251,39799,345,95480,53074,6675,58148,1648
8/15/20,93058,1070,0.0,44681,44321,569734,35239,2020-08-15,467288,223744,0.0,14452,201822,69902,45828,32930,35922,110079,867,55279,54053,98558,57396,66700,63227,4692,29270,6636,0,91071,13376,368678,139097,3668,0.0,101060,44023,19954,102372,22102,76970,8550,123459,539080,40102,347,96305,53672,6838,58899,1661
8/16/20,93811,1101,0.0,45002,44938,574269,35479,2020-08-16,470351,225453,0.0,14555,203314,70517,46185,32930,35922,111059,874,55536,54111,99013,58033,67057,64328,4773,29393,6677,0,90880,13427,369195,139917,3751,0.0,101624,44492,20166,102735,22353,77416,8687,125291,547905,40391,347,97130,54141,6929,59516,1670
8/17/20,94318,1108,0.0,45271,45311,579467,35616,2020-08-17,472481,227155,0.0,14716,205041,71028,46532,33575,36639,111558,882,55747,54319,99490,58514,67324,65320,4803,29562,6746,0,90967,13467,369528,141087,3777,0.0,102338,44821,20332,103182,22991,77790,8757,126232,553616,40619,349,97805,54351,6987,59955,1685
8/18/20,95476,1138,0.0,45707,45682,586419,35777,2020-08-18,475647,229747,0.0,14916,206729,71757,46866,33817,37217,112047,883,56046,54538,100125,58831,68056,66116,4841,29819,6787,0,91092,13505,370106,142377,3843,0.0,103101,45405,20534,103645,23842,78301,8831,127168,561249,40851,352,98605,54770,7060,59955,1701
8/19/20,96413,1156,0.0,45863,46347,593982,35934,2020-08-19,479158,231903,0.0,15142,208937,72211,47126,34309,37802,112669,892,56221,54702,100781,59269,69334,67232,4938,30009,6896,0,91225,13581,370640,144312,3945,0.0,103984,45997,20701,104172,24025,78780,8942,128993,567062,41175,353,99263,55143,7108,61056,1736
8/20/20,97266,1178,0.0,46076,46856,598226,36145,2020-08-20,482745,234469,0.0,15360,210732,73028,48076,34781,38462,113424,900,56502,54900,101285,59902,70157,68211,5041,30299,6970,2,91251,13673,371168,146178,4126,0.0,105001,46651,20955,104753,24193,79499,9045,130220,572270,41587,353,100038,55733,7266,61739,1746
8/21/20,98261,1207,0.0,46228,47643,603951,36145,2020-08-21,486644,237213,0.0,15455,212924,73933,48797,35735,39067,114125,913,56817,55048,101285,60637,70975,69398,5164,30564,7053,2,91388,13748,371788,147857,4257,0.0,105961,47670,21190,105269,24770,80368,9206,131775,577889,41985,356,100930,56028,7346,62479,1776
8/22/20,99009,1239,0.0,46608,48124,608638,36557,2020-08-22,490200,239575,0.0,15606,215189,74816,49431,36170,39827,114125,928,57123,55130,102653,61275,71863,70621,5307,30703,7166,2,91701,13919,372344,149288,4434,0.0,106980,48453,21431,105849,25394,81019,9422,132864,581560,42280,360,102035,56675,7445,63228,1787
8/23/20,99455,1254,0.0,46695,48431,612891,36732,2020-08-23,492721,241175,0.0,15725,216948,75368,49861,36440,39827,115144,938,57405,55187,103391,61912,72422,71407,5355,30804,7228,6,91714,13877,372821,150419,4521,0.0,107556,49002,21628,106198,25629,81545,9539,134582,586276,42536,360,102843,57030,7529,63599,1807
8/24/20,100989,1265,0.0,46813,48727,618731,36873,2020-08-24,494556,242588,0.0,15844,218480,76856,50304,37284,40628,115698,947,57679,55388,104222,62538,72887,72169,5391,30950,7285,6,91818,13981,373156,151859,4609,0.0,108364,49324,21820,106620,26244,81961,9666,135180,590484,42762,366,103467,57332,7565,63961,1818
8/25/20,101467,1279,0.0,47224,49179,623203,37189,2020-08-25,496767,244500,0.0,16099,220100,77578,50981,37599,41276,116174,953,57910,55577,105149,62879,73612,72913,5472,31233,7340,6,91970,14009,373692,153171,4782,0.0,109122,49934,22025,107018,26329,82744,9728,135947,596511,43107,368,104373,57570,7641,64479,1832
8/26/20,103354,1294,0.0,47239,49746,628377,37319,2020-08-26,499445,246619,0.0,16252,222142,78436,52121,38584,41904,116836,967,58095,55783,105968,63321,74433,74096,5624,31582,7429,6,92091,14030,374178,155183,4920,0.0,110090,50551,22182,107435,26331,83189,9786,137766,602794,43462,371,105147,57930,7762,65143,1850
8/27/20,105038,1312,0.0,47573,50385,632678,37573,2020-08-27,502093,248942,0.0,16431,223784,79422,54696,39054,42612,117396,979,58385,55945,106810,64319,74958,75400,5743,31929,7478,3,92227,14113,374839,157056,5147,0.0,111219,51176,22347,107922,26853,83601,10312,139309,606646,43792,376,106197,58373,7826,65934,1903
8/28/20,106059,1329,0.0,47729,51129,637519,37867,2020-08-28,505270,251130,0.0,16571,226067,80173,55950,39724,43356,117883,991,58696,56117,107567,65064,75514,76740,5862,32235,7553,3,92381,14160,375379,158490,5329,0.0,112336,51813,22599,108572,27342,84566,10584,140836,611378,44117,378,107111,58831,7979,66678,1930
8/29/20,107480,1341,0.0,47869,51822,641661,38053,2020-08-29,507943,253366,0.0,16724,227841,81186,56655,40176,44126,117883,1027,58972,56240,107567,65921,76198,78095,6013,32539,7631,3,92570,14217,375919,159990,5611,0.0,113385,52843,22815,109123,27804,85431,10940,142186,618746,44509,383,108253,59332,8083,67403,1922
8/30/20,108550,1356,0.0,47969,52211,644965,38163,2020-08-30,510137,254549,0.0,16849,229752,81968,57600,40342,44552,119175,1036,59219,56313,108907,66755,76785,79207,6098,32815,7705,3,92695,14258,376513,161034,5737,0.0,114223,53576,23047,109489,28032,86288,11252,142972,621558,44906,389,109132,59721,8185,67868,1941
8/31/20,109269,1358,0.0,48040,52521,650855,38293,2020-08-31,511623,255966,0.0,16969,231357,82767,58087,41158,44908,119445,1041,59421,56537,109372,67329,77037,80246,6161,33037,7739,2,92879,14289,377053,162358,5798,0.0,115030,54123,23187,110044,28334,86825,11407,144726,624715,45127,390,109927,59986,8285,68121,1951
9/1/20,110703,1368,0.0,48212,52754,653474,38508,2020-09-01,517491,258047,0.0,17101,232759,83399,58745,41479,45659,120020,1049,59771,56728,110145,67722,77619,81244,6232,33297,7793,2,92975,14320,377716,163629,5924,0.0,116321,54740,23384,110677,28530,87507,11607,146030,629650,45373,395,110889,60237,8464,68965,1962
9/2/20,111369,1380,0.0,48304,53291,658309,38654,2020-09-02,519559,259858,0.0,17263,234772,84159,59316,42327,46408,120899,1059,60009,56934,110777,68366,78316,82564,6392,33692,7866,3,93100,14370,378333,165453,6070,0.0,117292,55385,23505,111456,29031,88006,11831,147412,633750,45720,395,111748,60623,8587,69444,1962
9/3/20,112328,1400,0.0,48560,54172,662453,38825,2020-09-03,522570,262384,0.0,17423,236001,85143,60451,42841,47264,121585,1080,60349,56930,111523,69275,79016,83738,6503,34135,7916,2,93288,14433,379102,166992,6343,0.0,118429,56213,23731,112220,29190,88955,12092,148934,637309,46123,396,112791,61021,8763,70085,1977
9/4/20,113295,1412,0.0,48827,55166,666633,38825,2020-09-04,525198,264337,0.0,17689,240905,86078,61422,43781,48011,122280,1087,60770,56939,112519,70022,79786,85112,6632,34316,7992,2,93503,14465,379869,168479,6565,0.0,119573,57120,23967,112860,29223,90293,12296,149895,643096,46576,399,113811,61425,8922,71379,2008
9/5/20,114506,1428,0.0,49212,55629,670673,39326,2020-09-05,528221,266409,0.0,17970,243521,87047,62288,44057,48758,122280,1087,61149,57162,113387,70799,80276,86799,6749,34448,8059,9,93679,14534,380601,169543,6770,0.0,120790,58216,24191,113422,29431,91067,12507,151539,647528,46964,402,114696,61857,9127,72179,2008
9/6/20,114940,1440,0.0,49319,56223,673836,39478,2020-09-06,530329,267994,0.0,18160,244847,87803,62763,44231,49054,123483,1114,61369,57327,113387,71419,80659,87950,6833,34519,8134,4,93840,14558,381252,170303,6930,0.0,121462,58587,24353,113818,29460,91575,12678,153214,649912,47317,401,115829,62196,9224,72972,2030
9/7/20,115494,1447,0.0,49458,56536,675422,39636,2020-09-07,531845,268569,0.0,18234,246160,88326,63057,44727,49324,123730,1124,61748,57453,114566,71971,80887,88792,6880,34602,8236,2,93968,14576,381725,171078,7029,0.0,122179,59163,24469,114405,30163,92107,12794,154153,650747,47659,402,116433,62476,9351,73460,2030
9/8/20,116077,1456,0.0,49503,56785,678468,39754,2020-09-08,533343,270016,0.0,18474,247379,88660,63498,45310,49563,123947,1131,61944,57517,115045,72304,81125,89484,6931,35064,8307,3,94095,14584,382216,172064,7061,0.0,122777,59942,24616,114924,30276,92344,12874,154764,653994,47943,402,117221,62476,9425,74151,2057
9/9/20,116758,1461,0.0,49666,57122,681171,39881,2020-09-09,535150,271798,0.0,18138,248583,89285,64015,45695,50184,125177,1131,62130,57601,115988,72534,81512,90696,7013,35483,8350,3,94225,14621,382741,173205,7187,0.0,123642,60743,24721,115580,30279,92589,13015,155552,658960,48221,402,118031,62844,9558,74800,2079
9/10/20,117746,1475,0.0,49803,57481,684486,40030,2020-09-10,537222,273521,0.0,18320,250383,89957,64791,46045,50930,125540,1166,62387,57798,116934,72839,81995,91843,7176,35901,8399,3,94440,14673,383399,174736,7384,0.0,124603,61460,24879,116119,30909,92890,13228,156928,660601,48514,402,119207,63181,9723,76198,2104
9/11/20,118740,1491,0.0,49966,58482,688020,40228,2020-09-11,540185,275098,0.0,18485,252580,91108,65663,46581,51808,126115,1182,62779,58020,118297,73237,82772,93181,7251,36335,8449,1,94707,14731,384164,176114,7551,0.0,125664,62320,25060,116885,31158,94935,13472,158408,666287,49074,405,120233,63666,9857,77465,2140
9/12/20,119527,1496,0.0,50107,60122,691764,40480,2020-09-12,542654,277111,0.0,18585,254544,92024,66420,46827,52453,126115,1213,63231,58338,119083,73971,83174,94963,7359,36584,8507,1,94969,14776,384900,177103,7843,0.0,126770,63222,25310,117605,31588,95676,13743,159393,668932,49577,410,121473,64064,10151,78632,2159
9/13/20,120474,1506,0.0,50207,60541,694069,40706,2020-09-13,544544,278430,0.0,18620,255938,93209,66850,46935,52940,127180,1220,63519,58497,119083,74593,83412,96456,7442,36643,8561,3,95105,14814,385531,177878,8083,0.0,127524,63789,25475,117979,31799,96763,13915,160250,673186,50146,412,122300,64348,10294,80022,2183
9/14/20,121098,1517,0.0,50325,60901,697164,40916,2020-09-14,545915,279385,0.0,18805,257203,93871,67194,47762,53260,127590,1241,63794,58628,120280,75126,83549,97606,7515,37064,8656,3,95261,14858,386058,179076,8209,0.0,128493,64605,25475,118627,32107,97437,14060,162542,677050,50643,416,123007,64591,10397,80769,2199
9/15/20,121718,1527,0.0,50487,61624,700019,41190,2020-09-15,548608,280882,0.0,18967,258536,94480,67801,48069,53935,127902,1248,64137,58790,120945,75470,84003,98862,7622,37363,8723,3,95470,14898,386725,180348,8324,0.0,129403,65612,25757,119430,32456,98006,14234,163448,684035,51112,419,123907,64842,10527,81888,2221
9/16/20,120417,1533,0.0,50793,62249,702911,41511,2020-09-16,550504,282838,0.0,19121,260371,94998,68667,48779,54640,128278,1260,64489,58930,121670,75865,84646,99999,7769,37790,8765,1,95673,14965,387309,181913,8485,0.0,130328,66477,25927,120048,32549,98510,14488,165169,688032,51771,419,124693,65134,10692,83065,2290
9/17/20,120964,1560,0.0,51544,63115,706418,41810,2020-09-17,553067,284589,0.0,19340,262269,95751,69186,49177,55213,128571,1267,64878,59129,122611,76635,85284,101550,7957,38261,8878,1,95987,15032,388093,183339,8727,0.0,131273,67392,26110,120757,33047,99494,14831,166160,692494,52586,419,125720,65454,10880,84818,2332
9/18/20,121843,1581,0.0,52424,63879,710444,42145,2020-09-18,555572,286378,0.0,19555,264318,96663,70669,50048,55913,129284,1275,65200,59369,123371,77589,85731,103227,8153,38678,9045,2,96265,15098,388794,184737,9030,0.0,132216,68477,26343,121329,33734,100163,15153,168357,696714,53594,418,126875,65818,11083,87095,2370
9/19/20,122963,1595,0.0,52669,64821,713929,42519,2020-09-19,558436,288419,0.0,19690,266734,97617,71573,50409,56829,129284,1290,65601,59639,123932,78374,86342,104571,8404,39057,9080,3,96520,15171,389662,185795,9253,0.0,133049,69568,26534,121821,34832,100847,15459,169217,700060,54550,418,127742,66304,11257,89063,2385
9/20/20,123643,1623,0.0,52827,65277,716495,42793,2020-09-20,560439,289501,0.0,19813,268085,98291,72131,50617,57229,130032,1306,65815,59794,123932,79508,86603,105773,8535,39319,9175,6,96779,15197,390440,186569,9440,0.0,133736,70470,26688,122249,35507,101174,15684,171193,705119,55389,418,128544,66594,11374,90563,2419
9/21/20,124322,1633,0.0,52903,65822,720096,43037,2020-09-21,561777,290643,0.0,20101,269472,98755,72660,51484,57577,130215,1324,66015,59930,125428,80329,86788,107046,8637,39593,9267,5,97014,15245,390942,187687,9628,0.0,134484,71493,26850,122932,36043,101498,15832,172049,725273,55950,419,129122,66776,11474,91707,2443
9/22/20,124983,1644,0.0,53103,66333,722756,43363,2020-09-22,563841,291558,0.0,20375,270888,99300,73225,51827,58332,130834,1350,66216,60001,126095,80749,87227,108038,8817,39961,9337,6,97224,15290,391611,188704,9758,0.0,135100,72483,27102,123577,36145,102512,16096,172744,731820,56526,420,129953,67124,11653,93151,2481
9/23/20,125467,1673,0.0,53353,67195,725812,43660,2020-09-23,565906,293335,0.0,20602,272603,99953,74403,52637,59013,131122,1363,66412,60140,126968,81339,87722,109504,8974,40412,9395,3,97460,15361,392197,190326,10056,0.0,135919,73421,27271,124272,36179,103148,16473,174302,733322,57291,420,130485,67532,11754,94488,2557
9/24/20,126317,1705,0.0,53573,68151,728585,43970,2020-09-24,567922,294806,0.0,20926,274728,100749,75457,53080,59601,131577,1381,66679,60364,128005,82094,88421,110743,9269,40834,9481,2,97461,15454,393046,191897,10303,0.0,136787,74403,27580,124935,37234,103938,16850,175142,737758,58385,420,131313,67951,11907,96578,2624
9/25/20,128269,1720,0.0,53785,68938,732446,44367,2020-09-25,570220,295533,0.0,21270,277302,101796,76418,54100,60457,132092,1389,67000,60593,129016,83121,89079,112449,9562,41223,9615,4,98129,15532,393825,193442,10615,0.0,137780,75546,27886,125599,38170,104838,17230,176794,741405,59656,422,132171,68402,12098,98692,2684
9/26/20,129064,1738,0.0,53909,69677,735858,44736,2020-09-26,572487,296815,0.0,21554,279587,102825,77256,54328,61362,132092,1402,67365,60840,129961,84393,89670,114374,9868,41647,9780,3,98603,15598,394673,194591,10920,0.0,138768,76428,28101,126261,38598,105913,17697,178131,744642,60575,424,133034,68915,12251,101048,2705
9/27/20,129664,1755,0.0,54022,70080,737978,45042,2020-09-27,573977,297586,0.0,21660,281084,103639,77927,54549,61789,132802,1415,67627,61059,129961,85319,89839,115767,10059,42078,9878,4,99070,15654,395424,195341,11126,0.0,139505,77044,28295,126878,39365,106391,18031,180098,749087,61513,426,133726,69292,12405,103007,2782
9/28/20,130200,1765,0.0,54107,70840,740564,45325,2020-09-28,574592,298141,0.0,21956,282698,104429,78516,55571,62199,132991,1419,67866,61285,131255,86124,90014,116900,10324,42550,9965,5,99486,15709,396159,196425,11257,0.0,140397,77764,28427,127557,40377,106803,18191,180790,751529,62242,427,134112,69609,12525,104538,2827
9/29/20,130719,1803,0.0,54325,71448,743252,45632,2020-09-29,577213,299091,0.0,22284,283944,105109,79425,55943,63031,133424,1440,68123,61517,132342,86849,90563,117166,10571,42981,10074,3,99734,15747,397186,197201,11517,0.0,141389,78670,28668,128941,41279,107804,18411,181622,757579,62852,427,134950,69893,12645,106553,2862
9/30/20,131723,1822,0.0,54415,72252,746424,45928,2020-09-30,578830,300746,0.0,22669,286114,105954,80360,56596,63969,133710,1452,68352,61731,133491,87426,91080,117350,10897,43458,10165,3,100147,15836,398045,197280,11789,0.0,142338,79556,28833,129654,41518,108010,18736,183037,763296,63629,427,135622,70297,12766,108437,2933
10/1/20,132328,1857,0.0,54583,73217,749233,46355,2020-10-01,580938,302014,0.0,22942,288135,106991,81481,57060,64805,134102,1466,68661,62056,134446,88328,91723,117541,11230,44017,10243,4,100468,15896,399209,199397,11986,0.0,143523,80613,29133,130347,41780,108339,19364,184231,766978,64499,429,136036,70804,12897,110923,3001
10/2/20,133136,1887,0.0,54732,74070,752809,46785,2020-10-02,583144,303201,0.0,23320,290442,108315,82471,57921,65723,134720,1482,69066,62363,135392,89334,92351,121407,11524,44759,10332,2,100915,16002,400602,201048,12270,0.0,144844,81665,29400,131279,42364,108996,19692,185139,772504,65466,431,136899,71413,13105,113293,3049
10/3/20,134592,1911,0.0,54877,74706,756008,47189,2020-10-03,585451,304672,0.0,23535,292749,109614,83218,58178,66937,134720,1489,69411,62671,136609,90598,92910,122878,11927,45155,10423,5,101466,16088,402046,203088,12522,0.0,145826,82736,29686,131279,42907,110388,20074,186227,777606,66382,435,137920,71916,13241,115600,3097
10/4/20,135273,1930,0.0,54985,75133,758880,47524,2020-10-04,586928,305395,0.0,23633,294139,110612,83627,58433,67504,135422,1502,69668,62952,136609,91484,93204,124458,12184,45527,10530,3,101832,16141,403049,203659,12787,0.0,146667,82736,29910,132651,43182,110982,20433,187720,780370,67604,436,138893,72305,13372,117281,3154
10/5/20,135734,1947,0.0,55047,75510,761424,47830,2020-10-05,588159,306139,0.0,23940,295923,111360,84105,59138,68027,135577,1509,69935,63173,137996,92313,93414,125442,12348,45943,10553,3,102140,16180,403841,205748,12980,0.0,147612,83791,30140,133463,43755,111451,20585,190055,784361,68555,436,139514,72618,13452,118860,3203
10/6/20,136386,1978,0.0,55270,76033,763892,48250,2020-10-06,590013,306986,0.0,24402,297431,112223,84600,59554,69026,135907,1513,70178,63432,139097,93109,94315,126317,12790,46417,10656,6,102526,16276,405026,207162,13281,0.0,148769,84992,30365,134358,44136,112089,20813,191631,788597,69176,439,140092,72922,13595,120672,3263
10/7/20,137203,2001,0.0,55371,76767,767495,48734,2020-10-07,592130,308387,0.0,24809,299893,113377,85774,60119,71338,136803,1525,70402,63639,140248,93878,94830,127340,13431,47017,10761,6,102797,16426,406162,208754,13550,0.0,150012,85910,30605,135391,44158,112702,21683,193558,793690,70017,441,140558,73351,13734,122526,3308
10/8/20,137666,2035,0.0,55597,77852,770731,49301,2020-10-08,594814,309555,0.0,25201,302836,114629,87219,60630,72153,137137,1536,70732,63852,141563,94971,95374,128759,13988,47624,10880,2,103541,16540,407736,210985,13836,0.0,151384,86971,31010,136494,44625,113551,22156,195371,797737,71232,446,142227,73986,13877,125158,3381
10/9/20,138919,2068,0.0,55783,78848,774413,49897,2020-10-09,597194,311074,0.0,25608,305823,116256,88331,61789,73069,137339,1546,71103,64214,142836,96169,96163,130607,14590,47624,10997,7,103987,16726,409082,212878,14209,0.0,152993,88315,31358,137537,45144,114320,22764,196787,802128,72361,450,143254,74544,14156,127766,3507
0,,,,,,,,2020-10-10,,,,,,,,,,,,,,,,,,,,,,,,,,,,,,,,,,,,,,,,,,,
1,,,,,,,,2020-10-11,,,,,,,,,,,,,,,,,,,,,,,,,,,,,,,,,,,,,,,,,,,
2,,,,,,,,2020-10-12,,,,,,,,,,,,,,,,,,,,,,,,,,,,,,,,,,,,,,,,,,,
3,,,,,,,,2020-10-13,,,,,,,,,,,,,,,,,,,,,,,,,,,,,,,,,,,,,,,,,,,
4,,,,,,,,2020-10-14,,,,,,,,,,,,,,,,,,,,,,,,,,,,,,,,,,,,,,,,,,,
5,,,,,,,,2020-10-15,,,,,,,,,,,,,,,,,,,,,,,,,,,,,,,,,,,,,,,,,,,
6,,,,,,,,2020-10-16,,,,,,,,,,,,,,,,,,,,,,,,,,,,,,,,,,,,,,,,,,,
7,,,,,,,,2020-10-17,,,,,,,,,,,,,,,,,,,,,,,,,,,,,,,,,,,,,,,,,,,
8,,,,,,,,2020-10-18,,,,,,,,,,,,,,,,,,,,,,,,,,,,,,,,,,,,,,,,,,,
9,,,,,,,,2020-10-19,,,,,,,,,,,,,,,,,,,,,,,,,,,,,,,,,,,,,,,,,,,
10,,,,,,,,2020-10-20,,,,,,,,,,,,,,,,,,,,,,,,,,,,,,,,,,,,,,,,,,,
11,,,,,,,,2020-10-21,,,,,,,,,,,,,,,,,,,,,,,,,,,,,,,,,,,,,,,,,,,
12,,,,,,,,2020-10-22,,,,,,,,,,,,,,,,,,,,,,,,,,,,,,,,,,,,,,,,,,,
13,,,,,,,,2020-10-23,,,,,,,,,,,,,,,,,,,,,,,,,,,,,,,,,,,,,,,,,,,
14,,,,,,,,2020-10-24,,,,,,,,,,,,,,,,,,,,,,,,,,,,,,,,,,,,,,,,,,,
15,,,,,,,,2020-10-25,,,,,,,,,,,,,,,,,,,,,,,,,,,,,,,,,,,,,,,,,,,
16,,,,,,,,2020-10-26,,,,,,,,,,,,,,,,,,,,,,,,,,,,,,,,,,,,,,,,,,,
17,,,,,,,,2020-10-27,,,,,,,,,,,,,,,,,,,,,,,,,,,,,,,,,,,,,,,,,,,
18,,,,,,,,2020-10-28,,,,,,,,,,,,,,,,,,,,,,,,,,,,,,,,,,,,,,,,,,,
19,,,,,,,,2020-10-29,,,,,,,,,,,,,,,,,,,,,,,,,,,,,,,,,,,,,,,,,,,
20,,,,,,,,2020-10-30,,,,,,,,,,,,,,,,,,,,,,,,,,,,,,,,,,,,,,,,,,,
21,,,,,,,,2020-10-31,,,,,,,,,,,,,,,,,,,,,,,,,,,,,,,,,,,,,,,,,,,
22,,,,,,,,2020-11-01,,,,,,,,,,,,,,,,,,,,,,,,,,,,,,,,,,,,,,,,,,,
23,,,,,,,,2020-11-02,,,,,,,,,,,,,,,,,,,,,,,,,,,,,,,,,,,,,,,,,,,
24,,,,,,,,2020-11-03,,,,,,,,,,,,,,,,,,,,,,,,,,,,,,,,,,,,,,,,,,,
25,,,,,,,,2020-11-04,,,,,,,,,,,,,,,,,,,,,,,,,,,,,,,,,,,,,,,,,,,
26,,,,,,,,2020-11-05,,,,,,,,,,,,,,,,,,,,,,,,,,,,,,,,,,,,,,,,,,,
27,,,,,,,,2020-11-06,,,,,,,,,,,,,,,,,,,,,,,,,,,,,,,,,,,,,,,,,,,
28,,,,,,,,2020-11-07,,,,,,,,,,,,,,,,,,,,,,,,,,,,,,,,,,,,,,,,,,,
29,,,,,,,,2020-11-08,,,,,,,,,,,,,,,,,,,,,,,,,,,,,,,,,,,,,,,,,,,
